[
  {
    "id": 1,
    "priority": 1,
    "action": {
      "type": "modifyHeaders",
      "requestHeaders": [
        {
          "header": "referer",
          "operation": "set",
          "value": "https://kemono.party/"
        }
      ],
      "responseHeaders": [
        {
          "header": "Access-Control-Allow-Origin",
          "operation": "set",
          "value": "*"
        }
      ]
    },
    "condition": {
      "urlFilter": "kemono.party/data/",
      "resourceTypes": ["main_frame", "image", "xmlhttprequest"]
    }
  },
  {
    "id": 2,
    "priority": 1,
    "action": {
      "type": "modifyHeaders",
      "requestHeaders": [
        {
          "header": "referer",
          "operation": "set",
          "value": "https://coomer.party/"
        }
      ],
      "responseHeaders": [
        {
          "header": "Access-Control-Allow-Origin",
          "operation": "set",
          "value": "*"
        }
      ]
    },
    "condition": {
      "urlFilter": "coomer.party/data/",
      "resourceTypes": ["main_frame", "image", "xmlhttprequest"]
    }
  },
  {
    "id": 3,
    "priority": 1,
    "action": {
      "type": "modifyHeaders",
      "requestHeaders": [
        {
          "header": "referer",
          "operation": "set",
          "value": "https://kemono.su/"
        }
      ],
      "responseHeaders": [
        {
          "header": "Access-Control-Allow-Origin",
          "operation": "set",
          "value": "*"
        }
      ]
    },
    "condition": {
      "urlFilter": "kemono.su/data/",
      "resourceTypes": ["main_frame", "image", "xmlhttprequest"]
    }
  },
  {
    "id": 4,
    "priority": 1,
    "action": {
      "type": "modifyHeaders",
      "requestHeaders": [
        {
          "header": "referer",
          "operation": "set",
          "value": "https://coomer.su/"
        }
      ],
      "responseHeaders": [
        {
          "header": "Access-Control-Allow-Origin",
          "operation": "set",
          "value": "*"
        }
      ]
    },
    "condition": {
      "urlFilter": "coomer.su/data/",
      "resourceTypes": ["main_frame", "image", "xmlhttprequest"]
    }
  },
  {
    "id": 5,
    "priority": 1,
    "action": {
      "type": "modifyHeaders",
      "responseHeaders": [
        {
          "header": "Access-Control-Allow-Origin",
          "operation": "set",
          "value": "*"
        }
      ]
    },
    "condition": {
      "urlFilter": "img.*.party",
      "resourceTypes": ["main_frame", "image", "xmlhttprequest"]
    }
  }
]
